type,HCPCS,Mod1,Age From,To,Units,Effective,Purchase,Effective,Rental
MEDICAL SUPPLIER (DME)                          ,A4560,,0,999,Years,3/1/2024,$892.88 ,          ,
MEDICAL SUPPLIER (DME)                          ,A9279,U1,0,20,Years,1/1/2015,"$2,104.78 ",1/1/2015,210.48
MEDICAL SUPPLIER (DME)                          ,B9002,,0,999,Years,1/1/2014,"$1,225.78 ",1/1/2016,122.58
MEDICAL SUPPLIER (DME)                          ,B9004,,0,999,Years,1/1/2014,"$2,836.83 ",1/1/2018,283.68
MEDICAL SUPPLIER (DME)                          ,B9006,,0,999,Years,1/1/2014,"$2,836.83 ",1/1/2018,283.68
MEDICAL SUPPLIER (DME)                          ,E0100,,0,999,Years,4/1/2013,$15.27 ,          ,
MEDICAL SUPPLIER (DME)                          ,E0105,,0,999,Years,4/1/2013,$36.35 ,          ,
MEDICAL SUPPLIER (DME)                          ,E0110,,0,999,Years,4/1/2013,$54.34 ,4/1/2015,5.43
MEDICAL SUPPLIER (DME)                          ,E0111,,0,999,Years,4/1/2013,$35.87 ,4/1/2015,3.59
MEDICAL SUPPLIER (DME)                          ,E0112,,0,999,Years,4/1/2013,$28.78 ,4/1/2015,2.88
MEDICAL SUPPLIER (DME)                          ,E0113,,0,999,Years,4/1/2013,$16.76 ,4/1/2015,1.68
MEDICAL SUPPLIER (DME)                          ,E0114,,0,999,Years,4/1/2013,$32.30 ,4/1/2015,3.23
MEDICAL SUPPLIER (DME)                          ,E0116,,0,999,Years,4/1/2013,$20.72 ,4/1/2015,2.07
MEDICAL SUPPLIER (DME)                          ,E0130,,0,999,Years,4/1/2013,$54.34 ,4/1/2015,5.43
MEDICAL SUPPLIER (DME)                          ,E0135,,0,999,Years,4/1/2017,$62.35 ,4/1/2019,6.24
MEDICAL SUPPLIER (DME)                          ,E0140,,0,999,Years,4/1/2017,$285.60 ,          ,
MEDICAL SUPPLIER (DME)                          ,E0141,,0,999,Years,4/1/2019,$76.79 ,4/1/2019,7.68
MEDICAL SUPPLIER (DME)                          ,E0143,,0,999,Years,4/1/2019,$81.48 ,4/1/2019,8.15
MEDICAL SUPPLIER (DME)                          ,E0144,,0,999,Years,4/1/2015,$198.12 ,4/1/2015,19.81
MEDICAL SUPPLIER (DME)                          ,E0147,,0,999,Years,4/1/2017,$343.73 ,4/1/2017,34.37
MEDICAL SUPPLIER (DME)                          ,E0148,,0,999,Years,4/1/2019,$105.72 ,4/1/2019,10.57
MEDICAL SUPPLIER (DME)                          ,E0149,,0,999,Years,4/1/2017,$170.82 ,4/1/2017,17.08
MEDICAL SUPPLIER (DME)                          ,E0153,,0,999,Years,4/1/2013,$63.52 ,          ,
MEDICAL SUPPLIER (DME)                          ,E0154,,0,999,Years,4/1/2017,$53.45 ,          ,
MEDICAL SUPPLIER (DME)                          ,E0155,,0,999,Years,4/1/2017,$23.56 ,          ,
MEDICAL SUPPLIER (DME)                          ,E0157,,0,999,Years,4/1/2017,$56.63 ,          ,
MEDICAL SUPPLIER (DME)                          ,E0158,,0,999,Years,4/1/2013,$21.42 ,          ,
MEDICAL SUPPLIER (DME)                          ,E0159,,0,999,Years,4/1/2013,$14.88 ,          ,
MEDICAL SUPPLIER (DME)                          ,E0160,,0,999,Years,4/1/2019,$15.61 ,          ,
MEDICAL SUPPLIER (DME)                          ,E0161,,0,999,Years,4/1/2013,$21.54 ,          ,
MEDICAL SUPPLIER (DME)                          ,E0162,,0,999,Years,4/1/2013,$119.64 ,4/1/2015,11.96
MEDICAL SUPPLIER (DME)                          ,E0163,,0,999,Years,4/1/2017,$88.70 ,          ,
MEDICAL SUPPLIER (DME)                          ,E0163,TG,0,999,Years,10/16/2003,$0.00 ,          ,
MEDICAL SUPPLIER (DME)                          ,E0165,,0,999,Years,4/1/2017,$148.65 ,          ,
MEDICAL SUPPLIER (DME)                          ,E0165,TG,0,999,Years,10/16/2003,$0.00 ,          ,
MEDICAL SUPPLIER (DME)                          ,E0167,,0,999,Years,4/1/2013,$9.09 ,4/1/2013,0.91
MEDICAL SUPPLIER (DME)                          ,E0168,,0,999,Years,4/1/2017,$120.74 ,          ,
MEDICAL SUPPLIER (DME)                          ,E0168,TF,0,999,Years,4/1/2013,$319.26 ,          ,
MEDICAL SUPPLIER (DME)                          ,E0168,TG,0,999,Years,4/1/2013,"$1,544.22 ",          ,
MEDICAL SUPPLIER (DME)                          ,E0170,,0,999,Years,4/1/2013,"$1,653.85 ",          ,
MEDICAL SUPPLIER (DME)                          ,E0171,,0,999,Years,4/1/2013,$297.63 ,          ,
MEDICAL SUPPLIER (DME)                          ,E0172,,0,999,Years,4/1/2019,"$1,329.43 ",          ,
MEDICAL SUPPLIER (DME)                          ,E0175,,0,999,Years,4/1/2013,$51.06 ,4/1/2013,5.11
MEDICAL SUPPLIER (DME)                          ,E0181,,0,999,Years,4/1/2017,$206.40 ,4/1/2017,20.64
MEDICAL SUPPLIER (DME)                          ,E0182,,0,999,Years,          ,,4/1/2019,20.64
MEDICAL SUPPLIER (DME)                          ,E0183,,0,999,Years,          ,,4/1/2023,15.37
MEDICAL SUPPLIER (DME)                          ,E0184,,0,999,Years,4/1/2017,$143.82 ,4/1/2017,14.38
MEDICAL SUPPLIER (DME)                          ,E0185,,0,999,Years,4/1/2017,$225.12 ,4/1/2017,22.51
MEDICAL SUPPLIER (DME)                          ,E0186,,0,999,Years,          ,,4/1/2017,15.79
MEDICAL SUPPLIER (DME)                          ,E0186,,0,20,Years,4/1/2017,$157.86 ,          ,
MEDICAL SUPPLIER (DME)                          ,E0187,,0,999,Years,4/1/2019,$158.67 ,4/1/2019,15.87
MEDICAL SUPPLIER (DME)                          ,E0188,,0,999,Years,4/1/2013,$20.67 ,          ,
MEDICAL SUPPLIER (DME)                          ,E0189,,0,999,Years,4/1/2017,$38.62 ,          ,
MEDICAL SUPPLIER (DME)                          ,E0190,,0,999,Years,4/1/2019,$41.58 ,          ,
MEDICAL SUPPLIER (DME)                          ,E0190,UD,0,20,Years,7/1/2010,$0.00 ,          ,
MEDICAL SUPPLIER (DME)                          ,E0191,,0,999,Years,4/1/2013,$7.74 ,          ,
MEDICAL SUPPLIER (DME)                          ,E0193,,0,999,Years,          ,,4/1/2017,669.13
MEDICAL SUPPLIER (DME)                          ,E0194,,0,999,Years,          ,,4/1/2013,"2,258.07"
MEDICAL SUPPLIER (DME)                          ,E0196,,0,999,Years,4/1/2017,$237.63 ,4/1/2017,23.76
MEDICAL SUPPLIER (DME)                          ,E0197,,0,999,Years,4/1/2019,$157.95 ,4/1/2019,15.80
MEDICAL SUPPLIER (DME)                          ,E0198,,0,999,Years,4/1/2019,$137.80 ,4/1/2019,13.78
MEDICAL SUPPLIER (DME)                          ,E0199,,0,999,Years,4/1/2017,$24.71 ,          ,
MEDICAL SUPPLIER (DME)                          ,E0202,,0,20,Years,          ,,4/1/2013,53.90
MEDICAL SUPPLIER (DME)                          ,E0210,,0,999,Years,4/1/2013,$24.09 ,          ,
MEDICAL SUPPLIER (DME)                          ,E0217,,0,999,Years,4/1/2013,$435.67 ,4/1/2013,43.57
MEDICAL SUPPLIER (DME)                          ,E0218,,0,999,Years,4/1/2019,$265.52 ,4/1/2019,26.55
MEDICAL SUPPLIER (DME)                          ,E0225,,0,999,Years,          ,,4/1/2013,37.01
MEDICAL SUPPLIER (DME)                          ,E0235,,0,999,Years,4/1/2013,$166.70 ,4/1/2013,16.67
MEDICAL SUPPLIER (DME)                          ,E0236,,0,999,Years,4/1/2013,$427.43 ,          ,
MEDICAL SUPPLIER (DME)                          ,E0240,,0,999,Years,4/1/2017,$86.42 ,          ,
MEDICAL SUPPLIER (DME)                          ,E0240,TF,0,999,Years,4/1/2013,"$1,434.28 ",          ,
MEDICAL SUPPLIER (DME)                          ,E0240,TG,0,999,Years,4/1/2013,"$1,935.82 ",          ,
MEDICAL SUPPLIER (DME)                          ,E0243,,0,999,Years,4/1/2017,$61.50 ,          ,
MEDICAL SUPPLIER (DME)                          ,E0244,,0,999,Years,4/1/2019,$32.05 ,          ,
MEDICAL SUPPLIER (DME)                          ,E0245,,0,999,Years,4/1/2019,$41.47 ,          ,
MEDICAL SUPPLIER (DME)                          ,E0246,,0,999,Years,4/1/2019,$52.40 ,          ,
MEDICAL SUPPLIER (DME)                          ,E0247,,0,999,Years,4/1/2019,$93.76 ,          ,
MEDICAL SUPPLIER (DME)                          ,E0248,,0,999,Years,4/1/2019,$193.12 ,          ,
MEDICAL SUPPLIER (DME)                          ,E0250,,0,999,Years,4/1/2017,$883.21 ,4/1/2017,88.32
MEDICAL SUPPLIER (DME)                          ,E0255,,0,999,Years,4/1/2013,$930.30 ,4/1/2013,93.03
MEDICAL SUPPLIER (DME)                          ,E0260,,0,999,Years,4/1/2017,"$1,243.16 ",4/1/2017,124.32
MEDICAL SUPPLIER (DME)                          ,E0265,,0,999,Years,4/1/2017,"$1,600.68 ",4/1/2017,160.07
MEDICAL SUPPLIER (DME)                          ,E0271,,0,999,Years,4/1/2017,$163.40 ,          ,
MEDICAL SUPPLIER (DME)                          ,E0275,,0,999,Years,4/1/2017,$10.38 ,          ,
MEDICAL SUPPLIER (DME)                          ,E0276,,0,999,Years,4/1/2013,$12.22 ,          ,
MEDICAL SUPPLIER (DME)                          ,E0277,,0,999,Years,          ,,4/1/2017,421.54
MEDICAL SUPPLIER (DME)                          ,E0280,,0,999,Years,4/1/2013,$30.25 ,4/1/2015,3.03
MEDICAL SUPPLIER (DME)                          ,E0300,,0,20,Years,4/1/2017,"$2,473.19 ",4/1/2017,247.32
MEDICAL SUPPLIER (DME)                          ,E0303,,0,999,Years,4/1/2017,"$2,733.11 ",4/1/2017,273.31
MEDICAL SUPPLIER (DME)                          ,E0304,,0,999,Years,4/1/2017,"$5,237.67 ",4/1/2017,523.77
MEDICAL SUPPLIER (DME)                          ,E0305,,0,999,Years,4/1/2017,$135.48 ,          ,
MEDICAL SUPPLIER (DME)                          ,E0310,,0,999,Years,4/1/2017,$140.20 ,          ,
MEDICAL SUPPLIER (DME)                          ,E0315,,0,999,Years,4/1/2019,$90.38 ,          ,
MEDICAL SUPPLIER (DME)                          ,E0316,,0,20,Years,4/1/2017,"$1,729.42 ",4/1/2017,172.94
MEDICAL SUPPLIER (DME)                          ,E0325,,0,999,Years,4/1/2017,$7.59 ,4/1/2017,0.76
MEDICAL SUPPLIER (DME)                          ,E0326,,0,999,Years,4/1/2013,$7.81 ,          ,
MEDICAL SUPPLIER (DME)                          ,E0328,,0,20,Years,4/1/2013,"$5,059.53 ",4/1/2013,505.95
MEDICAL SUPPLIER (DME)                          ,E0329,,0,20,Years,4/1/2013,"$6,746.03 ",4/1/2017,674.60
MEDICAL SUPPLIER (DME)                          ,E0370,,0,999,Years,4/1/2019,$61.50 ,4/1/2019,6.15
MEDICAL SUPPLIER (DME)                          ,E0371,,0,999,Years,4/1/2017,"$3,801.20 ",4/1/2017,380.12
MEDICAL SUPPLIER (DME)                          ,E0372,,0,999,Years,4/1/2013,"$4,270.88 ",4/1/2013,427.09
MEDICAL SUPPLIER (DME)                          ,E0373,,0,999,Years,4/1/2013,"$4,865.88 ",4/1/2013,486.59
MEDICAL SUPPLIER (DME)                          ,E0424,,0,999,Years,          ,,4/1/2019,157.90
MEDICAL SUPPLIER (DME)                          ,E0431,,0,999,Years,          ,,4/1/2013,26.47
MEDICAL SUPPLIER (DME)                          ,E0433,,0,999,Years,          ,,4/1/2017,41.30
MEDICAL SUPPLIER (DME)                          ,E0434,,0,999,Years,          ,,4/1/2017,28.26
MEDICAL SUPPLIER (DME)                          ,E0439,,0,999,Years,          ,,4/1/2019,157.90
MEDICAL SUPPLIER (DME)                          ,E0445,,0,999,Years,          ,,3/1/2017,50.92
MEDICAL SUPPLIER (DME)                          ,E0445,U4,0,20,Years,          ,,3/1/2017,203.69
MEDICAL SUPPLIER (DME)                          ,E0445,,0,20,Years,3/1/2017,"$2,036.88 ",          ,
MEDICAL SUPPLIER (DME)                          ,E0457,,0,999,Years,9/1/2021,$419.16 ,9/1/2021,41.92
MEDICAL SUPPLIER (DME)                          ,E0459,,0,999,Years,4/1/2017,$346.25 ,4/1/2017,34.63
MEDICAL SUPPLIER (DME)                          ,E0465,,0,999,Years,          ,,1/1/2016,"1,059.64"
MEDICAL SUPPLIER (DME)                          ,E0466,,0,999,Years,          ,,1/1/2016,"1,059.64"
MEDICAL SUPPLIER (DME)                          ,E0467,,0,999,Years,          ,,9/1/2021,"1,224.75"
MEDICAL SUPPLIER (DME)                          ,E0470,,0,999,Years,4/1/2017,"$2,257.02 ",4/1/2017,225.70
MEDICAL SUPPLIER (DME)                          ,E0471,,0,999,Years,          ,,4/1/2017,436.67
MEDICAL SUPPLIER (DME)                          ,E0472,,0,999,Years,          ,,4/1/2017,397.03
MEDICAL SUPPLIER (DME)                          ,E0480,,0,999,Years,4/1/2013,$359.08 ,4/1/2013,35.91
MEDICAL SUPPLIER (DME)                          ,E0482,,0,999,Years,          ,,4/1/2019,314.60
MEDICAL SUPPLIER (DME)                          ,E0483,,0,999,Years,4/1/2013,"$9,253.45 ",4/1/2013,925.35
MEDICAL SUPPLIER (DME)                          ,E0500,,0,999,Years,3/1/2017,$953.90 ,4/1/2013,95.39
MEDICAL SUPPLIER (DME)                          ,E0550,,0,999,Years,4/1/2013,$427.43 ,4/1/2013,42.74
MEDICAL SUPPLIER (DME)                          ,E0561,,0,999,Years,4/1/2013,$89.09 ,4/1/2015,8.91
MEDICAL SUPPLIER (DME)                          ,E0562,,0,999,Years,4/1/2019,$220.52 ,4/1/2019,22.05
MEDICAL SUPPLIER (DME)                          ,E0565,,0,999,Years,9/1/2021,$487.40 ,4/1/2017,41.44
MEDICAL SUPPLIER (DME)                          ,E0570,,0,999,Years,4/1/2013,$129.63 ,          ,
MEDICAL SUPPLIER (DME)                          ,E0574,,0,999,Years,4/1/2013,$388.88 ,          ,
MEDICAL SUPPLIER (DME)                          ,E0575,,0,999,Years,4/1/2013,$992.86 ,          ,
MEDICAL SUPPLIER (DME)                          ,E0580,,0,999,Years,4/1/2013,$118.88 ,4/1/2013,11.89
MEDICAL SUPPLIER (DME)                          ,E0585,,0,999,Years,4/1/2017,$248.10 ,          ,
MEDICAL SUPPLIER (DME)                          ,E0600,,0,999,Years,4/1/2013,$442.34 ,          ,
MEDICAL SUPPLIER (DME)                          ,E0601,,0,999,Years,4/1/2017,$811.38 ,4/1/2017,81.14
MEDICAL SUPPLIER (DME)                          ,E0602,,0,999,Years,4/1/2013,$16.66 ,          ,
MEDICAL SUPPLIER (DME)                          ,E0603,,0,999,Years,4/1/2017,$173.47 ,          ,
MEDICAL SUPPLIER (DME)                          ,E0604,,0,999,Years,          ,,4/1/2019,46.81
MEDICAL SUPPLIER (DME)                          ,E0606,,0,999,Years,4/1/2013,$158.15 ,          ,
MEDICAL SUPPLIER (DME)                          ,E0610,,0,999,Years,4/1/2013,$229.77 ,          ,
MEDICAL SUPPLIER (DME)                          ,E0615,,0,999,Years,4/1/2013,$450.27 ,          ,
MEDICAL SUPPLIER (DME)                          ,E0616,,0,20,Years,4/1/2019,"$2,180.91 ",          ,
MEDICAL SUPPLIER (DME)                          ,E0617,,1,20,Years,4/1/2013,"$2,346.51 ",4/1/2013,234.65
MEDICAL SUPPLIER (DME)                          ,E0618,,0,999,Years,3/1/2017,"$2,335.34 ",3/1/2017,233.53
MEDICAL SUPPLIER (DME)                          ,E0619,,0,999,Years,4/1/2019,"$1,829.70 ",4/1/2019,182.97
MEDICAL SUPPLIER (DME)                          ,E0621,,0,999,Years,4/1/2017,$70.64 ,          ,
MEDICAL SUPPLIER (DME)                          ,E0625,,0,999,Years,4/1/2017,$529.99 ,4/1/2017,53.00
MEDICAL SUPPLIER (DME)                          ,E0625,U1,0,999,Years,4/1/2017,"$1,188.49 ",          ,
MEDICAL SUPPLIER (DME)                          ,E0625,U2,0,999,Years,4/1/2013,"$2,376.36 ",          ,
MEDICAL SUPPLIER (DME)                          ,E0625,U3,0,999,Years,4/1/2013,$0.00 ,          ,
MEDICAL SUPPLIER (DME)                          ,E0627,,0,999,Years,1/1/2017,$165.67 ,          ,
MEDICAL SUPPLIER (DME)                          ,E0629,,0,999,Years,4/1/2017,$243.35 ,          ,
MEDICAL SUPPLIER (DME)                          ,E0630,,0,999,Years,4/1/2017,$852.38 ,4/1/2017,85.24
MEDICAL SUPPLIER (DME)                          ,E0635,,0,999,Years,          ,,4/1/2019,170.90
MEDICAL SUPPLIER (DME)                          ,E0635,TG,0,20,Years,12/1/2008,$0.00 ,          ,
MEDICAL SUPPLIER (DME)                          ,E0635,TG,21,999,Years,2/1/2011,$0.00 ,          ,
MEDICAL SUPPLIER (DME)                          ,E0637,,0,999,Years,4/1/2015,"$3,271.83 ",          ,
MEDICAL SUPPLIER (DME)                          ,E0638,UA,0,999,Years,4/1/2015,"$2,302.31 ",          ,
MEDICAL SUPPLIER (DME)                          ,E0638,UB,0,999,Years,4/1/2017,"$2,595.30 ",          ,
MEDICAL SUPPLIER (DME)                          ,E0640,,0,999,Years,8/1/2019,$0.00 ,          ,
MEDICAL SUPPLIER (DME)                          ,E0641,,0,999,Years,4/1/2015,"$2,588.49 ",          ,
MEDICAL SUPPLIER (DME)                          ,E0642,,0,20,Years,4/1/2017,"$3,337.40 ",          ,
MEDICAL SUPPLIER (DME)                          ,E0650,,0,999,Years,4/1/2013,$532.16 ,4/1/2015,53.22
MEDICAL SUPPLIER (DME)                          ,E0651,,0,999,Years,4/1/2013,$887.19 ,4/1/2013,88.72
MEDICAL SUPPLIER (DME)                          ,E0652,,0,999,Years,4/1/2013,"$4,170.41 ",4/1/2015,417.04
MEDICAL SUPPLIER (DME)                          ,E0655,,0,999,Years,4/1/2013,$84.77 ,4/1/2013,8.48
MEDICAL SUPPLIER (DME)                          ,E0660,,0,999,Years,4/1/2013,$120.92 ,4/1/2013,12.09
MEDICAL SUPPLIER (DME)                          ,E0665,,0,999,Years,4/1/2013,$103.33 ,4/1/2013,10.33
MEDICAL SUPPLIER (DME)                          ,E0666,,0,999,Years,4/1/2013,$98.84 ,4/1/2013,9.88
MEDICAL SUPPLIER (DME)                          ,E0667,,0,999,Years,4/1/2013,$312.76 ,4/1/2015,31.28
MEDICAL SUPPLIER (DME)                          ,E0668,,0,999,Years,4/1/2013,$399.35 ,4/1/2013,39.94
MEDICAL SUPPLIER (DME)                          ,E0669,,0,999,Years,4/1/2013,$152.75 ,4/1/2013,15.28
MEDICAL SUPPLIER (DME)                          ,E0670,,0,999,Years,7/1/2013,"$1,020.77 ",7/1/2013,102.08
MEDICAL SUPPLIER (DME)                          ,E0671,,0,999,Years,4/1/2013,$364.48 ,4/1/2013,36.45
MEDICAL SUPPLIER (DME)                          ,E0672,,0,999,Years,4/1/2013,$301.67 ,4/1/2013,30.17
MEDICAL SUPPLIER (DME)                          ,E0673,,0,999,Years,4/1/2013,$235.33 ,4/1/2013,23.53
MEDICAL SUPPLIER (DME)                          ,E0676,,0,999,Years,2/1/2011,$0.00 ,2/1/2011,0.00
MEDICAL SUPPLIER (DME)                          ,E0700,,0,999,Years,4/1/2017,$33.96 ,          ,
MEDICAL SUPPLIER (DME)                          ,E0705,,0,999,Years,4/1/2017,$40.96 ,          ,
MEDICAL SUPPLIER (DME)                          ,E0710,,0,999,Years,4/1/2013,$31.80 ,4/1/2013,3.18
MEDICAL SUPPLIER (DME)                          ,E0720,,0,999,Years,4/1/2019,$232.51 ,4/1/2019,23.25
MEDICAL SUPPLIER (DME)                          ,E0730,,0,999,Years,4/1/2019,$237.38 ,4/1/2019,23.74
MEDICAL SUPPLIER (DME)                          ,E0731,,0,999,Years,4/1/2019,$215.31 ,4/1/2019,21.53
MEDICAL SUPPLIER (DME)                          ,E0733,,0,999,Years,          ,,1/1/2024,35.79
MEDICAL SUPPLIER (DME)                          ,E0736,,18,999,Years,3/1/2025,$85.32 ,3/1/2025,8.53
MEDICAL SUPPLIER (DME)                          ,E0740,,0,999,Years,4/1/2013,$481.04 ,          ,
MEDICAL SUPPLIER (DME)                          ,E0745,,0,999,Years,4/1/2013,$823.49 ,4/1/2013,82.35
MEDICAL SUPPLIER (DME)                          ,E0747,,0,999,Years,4/1/2013,"$3,602.78 ",          ,
MEDICAL SUPPLIER (DME)                          ,E0748,,0,999,Years,4/1/2013,"$3,579.44 ",          ,
MEDICAL SUPPLIER (DME)                          ,E0760,,0,999,Years,4/1/2013,"$2,974.45 ",          ,
MEDICAL SUPPLIER (DME)                          ,E0762,,0,999,Years,4/1/2013,$915.94 ,4/1/2015,91.59
MEDICAL SUPPLIER (DME)                          ,E0764,,0,999,Years,4/1/2013,"$10,845.48 ",4/1/2015,"1,084.55"
MEDICAL SUPPLIER (DME)                          ,E0776,,0,999,Years,4/1/2017,$96.85 ,4/1/2017,9.69
MEDICAL SUPPLIER (DME)                          ,E0779,,0,999,Years,4/1/2013,$153.74 ,4/1/2013,15.37
MEDICAL SUPPLIER (DME)                          ,E0780,,0,999,Years,4/1/2013,$9.53 ,4/1/2013,0.95
MEDICAL SUPPLIER (DME)                          ,E0781,,0,999,Years,4/1/2013,"$2,106.90 ",4/1/2013,210.69
MEDICAL SUPPLIER (DME)                          ,E0782,,0,999,Years,4/1/2013,"$3,753.51 ",          ,
MEDICAL SUPPLIER (DME)                          ,E0783,,0,999,Years,4/1/2013,"$7,480.40 ",          ,
MEDICAL SUPPLIER (DME)                          ,E0784,,0,999,Years,4/1/2017,"$3,903.99 ",4/1/2017,390.40
MEDICAL SUPPLIER (DME)                          ,E0784,U1,0,999,Years,4/1/2017,$827.10 ,4/1/2017,82.71
MEDICAL SUPPLIER (DME)                          ,E0784,UD,0,999,Years,9/1/2021,"$4,914.10 ",9/1/2021,491.41
MEDICAL SUPPLIER (DME)                          ,E0786,,0,999,Years,4/1/2013,"$5,571.34 ",          ,
MEDICAL SUPPLIER (DME)                          ,E0791,,0,999,Years,4/1/2017,"$2,284.76 ",4/1/2017,228.48
MEDICAL SUPPLIER (DME)                          ,E0840,,0,999,Years,4/1/2013,$53.11 ,4/1/2015,5.31
MEDICAL SUPPLIER (DME)                          ,E0850,,0,999,Years,4/1/2013,$82.50 ,4/1/2015,8.25
MEDICAL SUPPLIER (DME)                          ,E0855,,0,999,Years,4/1/2013,$461.97 ,4/1/2015,46.20
MEDICAL SUPPLIER (DME)                          ,E0856,,0,999,Years,4/1/2013,$150.95 ,          ,
MEDICAL SUPPLIER (DME)                          ,E0860,,0,999,Years,4/1/2013,$24.82 ,4/1/2015,2.48
MEDICAL SUPPLIER (DME)                          ,E0880,,0,999,Years,4/1/2013,$89.85 ,4/1/2015,8.99
MEDICAL SUPPLIER (DME)                          ,E0900,,0,999,Years,4/1/2013,$90.45 ,4/1/2015,9.05
MEDICAL SUPPLIER (DME)                          ,E0910,,0,999,Years,4/1/2017,$165.33 ,4/1/2017,16.53
MEDICAL SUPPLIER (DME)                          ,E0911,,0,999,Years,4/1/2017,$443.97 ,4/1/2017,44.40
MEDICAL SUPPLIER (DME)                          ,E0912,,0,999,Years,4/1/2017,"$1,046.97 ",4/1/2017,104.70
MEDICAL SUPPLIER (DME)                          ,E0920,,0,999,Years,4/1/2013,$445.74 ,4/1/2013,44.57
MEDICAL SUPPLIER (DME)                          ,E0930,,0,999,Years,4/1/2013,$441.32 ,4/1/2013,44.13
MEDICAL SUPPLIER (DME)                          ,E0935,,0,999,Years,          ,,4/1/2013,19.81
MEDICAL SUPPLIER (DME)                          ,E0940,,0,999,Years,4/1/2017,$254.98 ,4/1/2017,25.50
MEDICAL SUPPLIER (DME)                          ,E0941,,0,999,Years,4/1/2013,$419.34 ,4/1/2013,41.93
MEDICAL SUPPLIER (DME)                          ,E0942,,0,999,Years,4/1/2013,$18.62 ,          ,
MEDICAL SUPPLIER (DME)                          ,E0944,,0,999,Years,4/1/2013,$28.90 ,          ,
MEDICAL SUPPLIER (DME)                          ,E0945,,0,999,Years,4/1/2013,$24.45 ,          ,
MEDICAL SUPPLIER (DME)                          ,E0946,,0,999,Years,4/1/2013,$372.79 ,4/1/2013,37.28
MEDICAL SUPPLIER (DME)                          ,E0950,,0,999,Years,4/1/2017,$148.97 ,          ,
MEDICAL SUPPLIER (DME)                          ,E0951,,0,999,Years,3/1/2012,$12.05 ,          ,
MEDICAL SUPPLIER (DME)                          ,E0952,,0,999,Years,3/1/2012,$12.58 ,          ,
MEDICAL SUPPLIER (DME)                          ,E0953,,0,999,Years,1/1/2018,$110.63 ,          ,
MEDICAL SUPPLIER (DME)                          ,E0954,,0,999,Years,1/1/2018,$201.32 ,          ,
MEDICAL SUPPLIER (DME)                          ,E0955,,0,999,Years,3/1/2012,$182.29 ,          ,
MEDICAL SUPPLIER (DME)                          ,E0956,,0,999,Years,4/1/2017,$93.92 ,          ,
MEDICAL SUPPLIER (DME)                          ,E0957,,0,999,Years,4/1/2013,$134.51 ,          ,
MEDICAL SUPPLIER (DME)                          ,E0958,,0,999,Years,4/1/2017,$400.47 ,          ,
MEDICAL SUPPLIER (DME)                          ,E0959,,0,999,Years,7/1/2013,$35.11 ,4/1/2019,3.51
MEDICAL SUPPLIER (DME)                          ,E0960,,0,999,Years,4/1/2013,$88.72 ,          ,
MEDICAL SUPPLIER (DME)                          ,E0961,,0,999,Years,4/1/2017,$22.55 ,          ,
MEDICAL SUPPLIER (DME)                          ,E0967,,0,999,Years,4/1/2017,$63.08 ,4/1/2017,6.31
MEDICAL SUPPLIER (DME)                          ,E0969,,0,20,Years,4/1/2013,$146.66 ,          ,
MEDICAL SUPPLIER (DME)                          ,E0970,,0,999,Years,4/1/2017,$39.63 ,          ,
MEDICAL SUPPLIER (DME)                          ,E0971,,0,999,Years,4/1/2017,$38.51 ,          ,
MEDICAL SUPPLIER (DME)                          ,E0973,,0,999,Years,3/1/2012,$68.33 ,          ,
MEDICAL SUPPLIER (DME)                          ,E0974,,0,999,Years,4/1/2017,$64.82 ,          ,
MEDICAL SUPPLIER (DME)                          ,E0978,,0,999,Years,3/1/2012,$35.40 ,          ,
MEDICAL SUPPLIER (DME)                          ,E0980,,0,999,Years,3/1/2012,$28.79 ,          ,
MEDICAL SUPPLIER (DME)                          ,E0981,,0,999,Years,4/1/2017,$37.19 ,          ,
MEDICAL SUPPLIER (DME)                          ,E0982,,0,999,Years,4/1/2017,$41.22 ,          ,
MEDICAL SUPPLIER (DME)                          ,E0986,,0,999,Years,6/1/2022,$0.00 ,          ,
MEDICAL SUPPLIER (DME)                          ,E0990,,0,999,Years,1/1/2016,$124.59 ,1/1/2016,12.46
MEDICAL SUPPLIER (DME)                          ,E0992,,0,999,Years,4/1/2013,$82.82 ,          ,
MEDICAL SUPPLIER (DME)                          ,E0994,,0,999,Years,3/1/2012,$13.24 ,          ,
MEDICAL SUPPLIER (DME)                          ,E0995,,0,999,Years,4/1/2013,$22.12 ,          ,
MEDICAL SUPPLIER (DME)                          ,E1002,,0,999,Years,3/1/2012,"$3,661.00 ",          ,
MEDICAL SUPPLIER (DME)                          ,E1003,,0,999,Years,3/1/2012,"$4,282.40 ",          ,
MEDICAL SUPPLIER (DME)                          ,E1004,,0,999,Years,3/1/2012,"$4,748.30 ",          ,
MEDICAL SUPPLIER (DME)                          ,E1005,,0,999,Years,4/1/2017,"$4,289.37 ",          ,
MEDICAL SUPPLIER (DME)                          ,E1006,,0,999,Years,4/1/2013,"$6,295.60 ",          ,
MEDICAL SUPPLIER (DME)                          ,E1007,,0,999,Years,4/1/2013,"$7,861.02 ",          ,
MEDICAL SUPPLIER (DME)                          ,E1008,,0,999,Years,3/1/2012,"$7,881.83 ",          ,
MEDICAL SUPPLIER (DME)                          ,E1009,,0,999,Years,5/1/2005,$0.00 ,          ,
MEDICAL SUPPLIER (DME)                          ,E1010,,0,999,Years,3/1/2012,"$1,595.33 ",          ,
MEDICAL SUPPLIER (DME)                          ,E1011,,0,999,Years,5/1/2003,$0.00 ,          ,
MEDICAL SUPPLIER (DME)                          ,E1012,,0,999,Years,1/1/2016,$926.15 ,          ,
MEDICAL SUPPLIER (DME)                          ,E1014,,0,999,Years,3/1/2012,$319.87 ,          ,
MEDICAL SUPPLIER (DME)                          ,E1015,,0,999,Years,4/1/2017,$101.31 ,          ,
MEDICAL SUPPLIER (DME)                          ,E1016,,0,999,Years,4/1/2017,$114.93 ,          ,
MEDICAL SUPPLIER (DME)                          ,E1017,,0,999,Years,4/1/2013,$0.00 ,          ,
MEDICAL SUPPLIER (DME)                          ,E1018,,0,999,Years,5/1/2003,$0.00 ,          ,
MEDICAL SUPPLIER (DME)                          ,E1020,,0,999,Years,4/1/2017,$204.67 ,4/1/2017,20.47
MEDICAL SUPPLIER (DME)                          ,E1028,,0,999,Years,4/1/2017,$165.23 ,          ,
MEDICAL SUPPLIER (DME)                          ,E1029,,0,999,Years,3/1/2012,$326.14 ,          ,
MEDICAL SUPPLIER (DME)                          ,E1031,,0,999,Years,          ,,4/1/2017,34.67
MEDICAL SUPPLIER (DME)                          ,E1035,,0,20,Years,4/1/2015,"$4,424.10 ",          ,
MEDICAL SUPPLIER (DME)                          ,E1035,TF,0,20,Years,4/1/2013,$0.00 ,          ,
MEDICAL SUPPLIER (DME)                          ,E1035,TG,0,20,Years,10/16/2003,$0.00 ,          ,
MEDICAL SUPPLIER (DME)                          ,E1050,,0,999,Years,4/1/2019,$731.71 ,4/1/2019,73.17
MEDICAL SUPPLIER (DME)                          ,E1060,,0,999,Years,4/1/2013,"$1,069.90 ",4/1/2013,106.99
MEDICAL SUPPLIER (DME)                          ,E1070,,0,999,Years,4/1/2013,$842.08 ,4/1/2013,84.21
MEDICAL SUPPLIER (DME)                          ,E1083,,0,999,Years,4/1/2019,$489.65 ,4/1/2019,48.96
MEDICAL SUPPLIER (DME)                          ,E1084,,0,999,Years,4/1/2013,$770.70 ,4/1/2013,77.07
MEDICAL SUPPLIER (DME)                          ,E1085,,0,999,Years,4/1/2019,$569.53 ,4/1/2019,56.95
MEDICAL SUPPLIER (DME)                          ,E1086,,0,999,Years,4/1/2019,$740.06 ,4/1/2019,74.01
MEDICAL SUPPLIER (DME)                          ,E1087,,0,999,Years,4/1/2013,"$1,095.19 ",4/1/2013,109.52
MEDICAL SUPPLIER (DME)                          ,E1088,,0,999,Years,4/1/2013,"$1,147.05 ",4/1/2013,114.71
MEDICAL SUPPLIER (DME)                          ,E1089,,0,999,Years,4/1/2019,"$1,146.13 ",4/1/2019,114.61
MEDICAL SUPPLIER (DME)                          ,E1090,,0,999,Years,4/1/2019,"$1,217.19 ",4/1/2019,121.72
MEDICAL SUPPLIER (DME)                          ,E1092,,0,999,Years,4/1/2013,"$1,052.53 ",4/1/2013,105.25
MEDICAL SUPPLIER (DME)                          ,E1093,,0,999,Years,4/1/2013,"$1,067.66 ",4/1/2013,106.77
MEDICAL SUPPLIER (DME)                          ,E1100,,0,999,Years,4/1/2013,"$1,002.80 ",4/1/2013,100.28
MEDICAL SUPPLIER (DME)                          ,E1110,,0,999,Years,4/1/2013,$982.01 ,4/1/2013,98.20
MEDICAL SUPPLIER (DME)                          ,E1130,,0,999,Years,4/1/2019,$346.30 ,4/1/2019,34.63
MEDICAL SUPPLIER (DME)                          ,E1140,,0,999,Years,4/1/2019,$411.22 ,4/1/2019,41.12
MEDICAL SUPPLIER (DME)                          ,E1150,,0,999,Years,4/1/2019,$596.77 ,4/1/2019,59.68
MEDICAL SUPPLIER (DME)                          ,E1160,,0,999,Years,4/1/2013,$509.31 ,4/1/2013,50.93
MEDICAL SUPPLIER (DME)                          ,E1161,,0,999,Years,3/1/2012,"$2,422.78 ",4/1/2017,242.28
MEDICAL SUPPLIER (DME)                          ,E1170,,0,999,Years,4/1/2013,$919.04 ,4/1/2013,91.90
MEDICAL SUPPLIER (DME)                          ,E1171,,0,999,Years,4/1/2013,$824.77 ,4/1/2013,82.48
MEDICAL SUPPLIER (DME)                          ,E1172,,0,999,Years,4/1/2013,$779.54 ,4/1/2013,77.95
MEDICAL SUPPLIER (DME)                          ,E1180,,0,999,Years,4/1/2013,$922.56 ,4/1/2013,92.26
MEDICAL SUPPLIER (DME)                          ,E1190,,0,999,Years,4/1/2013,"$1,028.84 ",4/1/2017,102.88
MEDICAL SUPPLIER (DME)                          ,E1195,,0,999,Years,4/1/2013,$979.89 ,4/1/2019,97.99
MEDICAL SUPPLIER (DME)                          ,E1200,,0,999,Years,4/1/2013,$692.89 ,4/1/2013,69.29
MEDICAL SUPPLIER (DME)                          ,E1220,,0,999,Years,7/1/1997,$0.00 ,          ,
MEDICAL SUPPLIER (DME)                          ,E1225,,0,999,Years,4/1/2017,$390.67 ,4/1/2017,39.07
MEDICAL SUPPLIER (DME)                          ,E1226,,0,999,Years,4/1/2017,$481.92 ,4/1/2017,48.19
MEDICAL SUPPLIER (DME)                          ,E1229,,0,999,Years,1/1/2005,$0.00 ,          ,
MEDICAL SUPPLIER (DME)                          ,E1230,,0,999,Years,4/1/2013,"$1,353.82 ",4/1/2017,135.38
MEDICAL SUPPLIER (DME)                          ,E1231,,0,999,Years,6/1/2022,$0.00 ,6/1/2022,0.00
MEDICAL SUPPLIER (DME)                          ,E1232,,0,999,Years,4/1/2013,"$2,189.65 ",1/1/2016,218.97
MEDICAL SUPPLIER (DME)                          ,E1233,,0,999,Years,3/1/2012,"$2,268.82 ",3/1/2012,226.88
MEDICAL SUPPLIER (DME)                          ,E1234,,0,999,Years,3/1/2012,"$1,975.17 ",1/1/2016,197.52
MEDICAL SUPPLIER (DME)                          ,E1235,,0,999,Years,1/1/2016,"$2,680.34 ",4/1/2019,268.03
MEDICAL SUPPLIER (DME)                          ,E1236,,0,999,Years,1/1/2016,"$2,364.57 ",4/1/2019,236.46
MEDICAL SUPPLIER (DME)                          ,E1237,,0,999,Years,3/1/2012,"$1,439.40 ",3/1/2012,143.94
MEDICAL SUPPLIER (DME)                          ,E1238,,0,999,Years,3/1/2012,"$1,599.33 ",3/1/2012,159.93
MEDICAL SUPPLIER (DME)                          ,E1239,,0,999,Years,1/1/2005,$0.00 ,          ,
MEDICAL SUPPLIER (DME)                          ,E1240,,0,999,Years,4/1/2013,$764.25 ,4/1/2015,76.43
MEDICAL SUPPLIER (DME)                          ,E1250,,0,999,Years,4/1/2019,$432.87 ,4/1/2019,43.29
MEDICAL SUPPLIER (DME)                          ,E1260,,0,999,Years,4/1/2017,$777.07 ,4/1/2017,77.71
MEDICAL SUPPLIER (DME)                          ,E1270,,0,999,Years,4/1/2013,$762.59 ,4/1/2013,76.26
MEDICAL SUPPLIER (DME)                          ,E1280,,0,999,Years,4/1/2013,"$1,075.00 ",4/1/2013,107.50
MEDICAL SUPPLIER (DME)                          ,E1285,,0,999,Years,4/1/2019,$999.66 ,4/1/2019,99.97
MEDICAL SUPPLIER (DME)                          ,E1290,,0,999,Years,4/1/2019,"$1,280.08 ",4/1/2019,128.01
MEDICAL SUPPLIER (DME)                          ,E1295,,0,999,Years,7/1/1997,"$1,113.60 ",4/1/2017,111.36
MEDICAL SUPPLIER (DME)                          ,E1296,,0,999,Years,4/1/2013,$384.49 ,          ,
MEDICAL SUPPLIER (DME)                          ,E1297,,0,999,Years,4/1/2013,$81.81 ,          ,
MEDICAL SUPPLIER (DME)                          ,E1298,,0,999,Years,4/1/2013,$331.29 ,          ,
MEDICAL SUPPLIER (DME)                          ,E1300,,0,20,Years,4/1/2017,$170.00 ,4/1/2017,17.00
MEDICAL SUPPLIER (DME)                          ,E1310,,0,20,Years,4/1/2013,"$2,074.39 ",          ,
MEDICAL SUPPLIER (DME)                          ,E1353,,0,999,Years,4/1/2013,$27.37 ,          ,
MEDICAL SUPPLIER (DME)                          ,E1355,,0,999,Years,4/1/2013,$20.61 ,4/1/2013,2.06
MEDICAL SUPPLIER (DME)                          ,E1372,,0,999,Years,4/1/2019,$157.72 ,          ,
MEDICAL SUPPLIER (DME)                          ,E1390,,0,999,Years,          ,,4/1/2017,148.76
MEDICAL SUPPLIER (DME)                          ,E1399,,0,999,Years,4/1/2019,$0.00 ,5/1/2003,0.00
MEDICAL SUPPLIER (DME)                          ,E1510,,0,20,Years,4/1/2013,"$9,928.69 ",4/1/2013,992.87
MEDICAL SUPPLIER (DME)                          ,E1520,,0,20,Years,4/1/2017,$340.31 ,4/1/2017,34.03
MEDICAL SUPPLIER (DME)                          ,E1530,,0,20,Years,4/1/2017,$489.67 ,          ,
MEDICAL SUPPLIER (DME)                          ,E1540,,0,20,Years,4/1/2013,$22.50 ,4/1/1990,0.00
MEDICAL SUPPLIER (DME)                          ,E1550,,0,20,Years,4/1/2013,$274.08 ,4/1/2013,27.41
MEDICAL SUPPLIER (DME)                          ,E1560,,0,20,Years,4/1/1990,$0.00 ,4/1/1990,0.00
MEDICAL SUPPLIER (DME)                          ,E1570,,0,20,Years,4/1/2015,$556.28 ,4/1/2015,55.63
MEDICAL SUPPLIER (DME)                          ,E1575,,0,20,Years,4/1/2019,$1.81 ,4/1/2019,0.18
MEDICAL SUPPLIER (DME)                          ,E1580,,0,20,Years,4/1/1990,$0.00 ,4/1/1990,0.00
MEDICAL SUPPLIER (DME)                          ,E1590,,0,20,Years,4/1/1990,$0.00 ,4/1/2013,284.20
MEDICAL SUPPLIER (DME)                          ,E1592,,0,20,Years,4/1/1990,$0.00 ,4/1/1990,0.00
MEDICAL SUPPLIER (DME)                          ,E1594,,0,20,Years,4/1/2013,"$6,020.48 ",4/1/2013,602.05
MEDICAL SUPPLIER (DME)                          ,E1600,,0,20,Years,          ,,4/1/2013,35.75
MEDICAL SUPPLIER (DME)                          ,E1620,,0,20,Years,4/1/2013,"$1,719.65 ",4/1/2015,171.97
MEDICAL SUPPLIER (DME)                          ,E1630,,0,20,Years,4/1/1990,$0.00 ,4/1/1990,0.00
MEDICAL SUPPLIER (DME)                          ,E1632,,0,20,Years,4/1/1990,$0.00 ,4/1/1990,0.00
MEDICAL SUPPLIER (DME)                          ,E1635,,0,20,Years,4/1/1990,$0.00 ,4/1/2013,616.30
MEDICAL SUPPLIER (DME)                          ,E1637,,0,20,Years,4/1/2013,$3.92 ,          ,
MEDICAL SUPPLIER (DME)                          ,E1639,,0,20,Years,4/1/2015,$252.47 ,4/1/2015,25.25
MEDICAL SUPPLIER (DME)                          ,E1699,,0,20,Years,4/1/1990,$0.00 ,4/1/1990,0.00
MEDICAL SUPPLIER (DME)                          ,E1700,,0,20,Years,          ,,4/1/2013,27.77
MEDICAL SUPPLIER (DME)                          ,E1701,,0,20,Years,          ,,4/1/2013,1.06
MEDICAL SUPPLIER (DME)                          ,E1702,,0,20,Years,          ,,4/1/2013,2.02
MEDICAL SUPPLIER (DME)                          ,E1800,,0,20,Years,4/1/2013,"$1,026.35 ",4/1/2013,102.64
MEDICAL SUPPLIER (DME)                          ,E1801,,0,20,Years,4/1/2013,"$1,327.41 ",4/1/2015,132.74
MEDICAL SUPPLIER (DME)                          ,E1802,,0,20,Years,4/1/2013,"$3,156.89 ",4/1/2013,315.69
MEDICAL SUPPLIER (DME)                          ,E1803,,0,20,Years,1/1/2025,"$1,447.29 ",1/1/2025,144.73
MEDICAL SUPPLIER (DME)                          ,E1804,,0,20,Years,1/1/2025,"$1,447.29 ",1/1/2025,144.73
MEDICAL SUPPLIER (DME)                          ,E1805,,0,20,Years,4/1/2013,"$1,037.39 ",4/1/2013,103.74
MEDICAL SUPPLIER (DME)                          ,E1806,,0,20,Years,4/1/2013,$974.37 ,4/1/2015,97.44
MEDICAL SUPPLIER (DME)                          ,E1807,,0,20,Years,1/1/2025,"$1,463.09 ",1/1/2025,146.31
MEDICAL SUPPLIER (DME)                          ,E1808,,0,20,Years,1/1/2025,"$1,463.09 ",1/1/2025,146.31
MEDICAL SUPPLIER (DME)                          ,E1810,,0,20,Years,4/1/2013,"$1,040.43 ",4/1/2013,104.04
MEDICAL SUPPLIER (DME)                          ,E1811,,0,20,Years,4/1/2013,"$1,314.38 ",4/1/2015,131.44
MEDICAL SUPPLIER (DME)                          ,E1812,,0,20,Years,4/1/2013,$842.70 ,4/1/2013,84.27
MEDICAL SUPPLIER (DME)                          ,E1813,,0,20,Years,1/1/2025,"$1,467.28 ",1/1/2025,146.73
MEDICAL SUPPLIER (DME)                          ,E1814,,0,20,Years,1/1/2025,"$1,467.28 ",1/1/2025,146.73
MEDICAL SUPPLIER (DME)                          ,E1815,,0,20,Years,4/1/2013,"$1,040.43 ",4/1/2013,104.04
MEDICAL SUPPLIER (DME)                          ,E1816,,0,20,Years,4/1/2013,"$1,335.15 ",4/1/2015,133.52
MEDICAL SUPPLIER (DME)                          ,E1818,,0,20,Years,4/1/2013,"$1,363.08 ",4/1/2015,136.31
MEDICAL SUPPLIER (DME)                          ,E1820,,0,20,Years,4/1/2013,$69.78 ,4/1/2015,6.98
MEDICAL SUPPLIER (DME)                          ,E1821,,0,20,Years,4/1/2013,$108.30 ,          ,
MEDICAL SUPPLIER (DME)                          ,E1822,,0,20,Years,1/1/2025,"$1,467.28 ",1/1/2025,146.73
MEDICAL SUPPLIER (DME)                          ,E1823,,0,20,Years,1/1/2025,"$1,467.28 ",1/1/2025,146.73
MEDICAL SUPPLIER (DME)                          ,E1825,,0,20,Years,4/1/2013,"$1,037.39 ",4/1/2013,103.74
MEDICAL SUPPLIER (DME)                          ,E1826,,0,20,Years,1/1/2025,"$1,463.09 ",1/1/2025,146.31
MEDICAL SUPPLIER (DME)                          ,E1827,,0,20,Years,1/1/2025,"$1,463.09 ",1/1/2025,146.31
MEDICAL SUPPLIER (DME)                          ,E1828,,0,20,Years,1/1/2025,"$1,463.09 ",1/1/2025,146.31
MEDICAL SUPPLIER (DME)                          ,E1829,,0,20,Years,1/1/2025,"$1,463.09 ",1/1/2025,146.31
MEDICAL SUPPLIER (DME)                          ,E1830,,0,20,Years,4/1/2013,"$1,037.39 ",4/1/2013,103.74
MEDICAL SUPPLIER (DME)                          ,E1831,,0,20,Years,          ,,4/1/2013,62.79
MEDICAL SUPPLIER (DME)                          ,E1840,,0,20,Years,4/1/2013,"$3,697.02 ",4/1/2013,369.70
MEDICAL SUPPLIER (DME)                          ,E1841,,0,999,Years,7/1/2013,"$3,678.45 ",4/1/2015,367.85
MEDICAL SUPPLIER (DME)                          ,E2100,,0,999,Years,4/1/2013,$312.80 ,          ,
MEDICAL SUPPLIER (DME)                          ,E2101,,0,999,Years,4/1/2013,$173.48 ,          ,
MEDICAL SUPPLIER (DME)                          ,E2102,,0,999,Years,1/1/2023,$223.23 ,          ,
MEDICAL SUPPLIER (DME)                          ,E2103,,0,999,Years,1/1/2023,$231.96 ,          ,
MEDICAL SUPPLIER (DME)                          ,E2103,KF,0,999,Years,1/1/2023,$257.50 ,          ,
MEDICAL SUPPLIER (DME)                          ,E2201,,0,999,Years,3/1/2012,$363.85 ,          ,
MEDICAL SUPPLIER (DME)                          ,E2202,,0,999,Years,4/1/2013,$462.23 ,          ,
MEDICAL SUPPLIER (DME)                          ,E2203,,0,999,Years,4/1/2013,$431.91 ,          ,
MEDICAL SUPPLIER (DME)                          ,E2204,,0,999,Years,3/1/2012,$651.05 ,          ,
MEDICAL SUPPLIER (DME)                          ,E2205,,0,999,Years,3/1/2012,$33.45 ,          ,
MEDICAL SUPPLIER (DME)                          ,E2206,,0,999,Years,3/1/2012,$41.65 ,          ,
MEDICAL SUPPLIER (DME)                          ,E2207,,0,999,Years,4/1/2013,$42.25 ,3/1/2012,4.23
MEDICAL SUPPLIER (DME)                          ,E2208,,0,999,Years,4/1/2017,$105.58 ,4/1/2017,10.56
MEDICAL SUPPLIER (DME)                          ,E2209,,0,999,Years,3/1/2012,$104.51 ,1/1/2016,10.45
MEDICAL SUPPLIER (DME)                          ,E2210,,0,999,Years,3/1/2012,$6.39 ,          ,
MEDICAL SUPPLIER (DME)                          ,E2211,,0,999,Years,3/1/2012,$28.51 ,          ,
MEDICAL SUPPLIER (DME)                          ,E2212,,0,999,Years,3/1/2012,$5.73 ,          ,
MEDICAL SUPPLIER (DME)                          ,E2213,,0,999,Years,3/1/2012,$28.51 ,          ,
MEDICAL SUPPLIER (DME)                          ,E2214,,0,999,Years,3/1/2012,$29.84 ,          ,
MEDICAL SUPPLIER (DME)                          ,E2215,,0,999,Years,4/1/2017,$8.41 ,          ,
MEDICAL SUPPLIER (DME)                          ,E2216,,0,999,Years,1/1/2016,$0.00 ,          ,
MEDICAL SUPPLIER (DME)                          ,E2217,,0,999,Years,1/1/2016,$0.00 ,          ,
MEDICAL SUPPLIER (DME)                          ,E2218,,0,999,Years,4/1/2019,$38.00 ,          ,
MEDICAL SUPPLIER (DME)                          ,E2219,,0,999,Years,3/1/2012,$32.07 ,          ,
MEDICAL SUPPLIER (DME)                          ,E2220,,0,999,Years,3/1/2012,$23.64 ,          ,
MEDICAL SUPPLIER (DME)                          ,E2221,,0,999,Years,3/1/2012,$24.92 ,          ,
MEDICAL SUPPLIER (DME)                          ,E2222,,0,999,Years,4/1/2017,$18.54 ,          ,
MEDICAL SUPPLIER (DME)                          ,E2224,,0,999,Years,4/1/2017,$78.37 ,          ,
MEDICAL SUPPLIER (DME)                          ,E2225,,0,999,Years,4/1/2017,$16.36 ,          ,
MEDICAL SUPPLIER (DME)                          ,E2226,,0,999,Years,4/1/2017,$34.90 ,          ,
MEDICAL SUPPLIER (DME)                          ,E2227,,0,999,Years,3/1/2012,"$1,530.22 ",          ,
MEDICAL SUPPLIER (DME)                          ,E2228,,0,999,Years,3/1/2012,$913.04 ,          ,
MEDICAL SUPPLIER (DME)                          ,E2291,,0,999,Years,1/1/2005,$0.00 ,          ,
MEDICAL SUPPLIER (DME)                          ,E2292,,0,999,Years,1/1/2005,$0.00 ,          ,
MEDICAL SUPPLIER (DME)                          ,E2293,,0,999,Years,1/1/2005,$0.00 ,          ,
MEDICAL SUPPLIER (DME)                          ,E2294,,0,999,Years,1/1/2005,$0.00 ,          ,
MEDICAL SUPPLIER (DME)                          ,E2298,,0,999,Years,3/1/2025,"$2,000.30 ",3/1/2025,200.03
MEDICAL SUPPLIER (DME)                          ,E2310,,0,999,Years,3/1/2012,"$1,141.22 ",          ,
MEDICAL SUPPLIER (DME)                          ,E2311,,0,999,Years,3/1/2012,"$2,136.07 ",          ,
MEDICAL SUPPLIER (DME)                          ,E2312,,0,999,Years,3/1/2012,"$1,891.09 ",4/1/2013,189.11
MEDICAL SUPPLIER (DME)                          ,E2312,KC,0,999,Years,3/1/2012,"$2,411.85 ",4/1/2013,241.19
MEDICAL SUPPLIER (DME)                          ,E2313,,0,999,Years,4/1/2013,$300.29 ,          ,
MEDICAL SUPPLIER (DME)                          ,E2321,,0,999,Years,3/1/2012,"$1,719.28 ",          ,
MEDICAL SUPPLIER (DME)                          ,E2321,KC,0,999,Years,4/1/2019,"$1,819.09 ",          ,
MEDICAL SUPPLIER (DME)                          ,E2323,,0,999,Years,3/1/2012,$63.04 ,          ,
MEDICAL SUPPLIER (DME)                          ,E2324,,0,999,Years,3/1/2012,$43.39 ,          ,
MEDICAL SUPPLIER (DME)                          ,E2325,,0,999,Years,4/1/2013,"$1,313.43 ",          ,
MEDICAL SUPPLIER (DME)                          ,E2326,,0,999,Years,3/1/2012,$311.67 ,          ,
MEDICAL SUPPLIER (DME)                          ,E2327,,0,999,Years,3/1/2012,"$2,248.95 ",          ,
MEDICAL SUPPLIER (DME)                          ,E2328,,0,999,Years,3/1/2012,"$3,781.16 ",          ,
MEDICAL SUPPLIER (DME)                          ,E2329,,0,999,Years,3/1/2012,"$2,181.89 ",          ,
MEDICAL SUPPLIER (DME)                          ,E2330,,0,999,Years,4/1/2013,"$3,250.60 ",          ,
MEDICAL SUPPLIER (DME)                          ,E2340,,0,999,Years,4/1/2013,$306.43 ,          ,
MEDICAL SUPPLIER (DME)                          ,E2341,,0,999,Years,3/1/2012,$451.49 ,          ,
MEDICAL SUPPLIER (DME)                          ,E2342,,0,999,Years,3/1/2012,$436.92 ,          ,
MEDICAL SUPPLIER (DME)                          ,E2343,,0,999,Years,4/1/2013,$733.96 ,          ,
MEDICAL SUPPLIER (DME)                          ,E2351,,0,999,Years,3/1/2012,$681.30 ,          ,
MEDICAL SUPPLIER (DME)                          ,E2359,,0,999,Years,4/1/2017,$171.07 ,          ,
MEDICAL SUPPLIER (DME)                          ,E2361,,0,999,Years,3/1/2012,$151.41 ,          ,
MEDICAL SUPPLIER (DME)                          ,E2363,,0,999,Years,3/1/2012,$196.79 ,          ,
MEDICAL SUPPLIER (DME)                          ,E2366,,0,999,Years,3/1/2012,$237.68 ,          ,
MEDICAL SUPPLIER (DME)                          ,E2368,,0,999,Years,3/1/2012,$455.91 ,          ,
MEDICAL SUPPLIER (DME)                          ,E2369,,0,999,Years,3/1/2012,$397.10 ,          ,
MEDICAL SUPPLIER (DME)                          ,E2370,,0,999,Years,3/1/2012,$854.42 ,          ,
MEDICAL SUPPLIER (DME)                          ,E2371,,0,999,Years,1/1/2016,$167.31 ,          ,
MEDICAL SUPPLIER (DME)                          ,E2373,,0,999,Years,4/1/2013,"$1,179.92 ",          ,
MEDICAL SUPPLIER (DME)                          ,E2373,KC,0,999,Years,3/1/2012,"$1,067.83 ",          ,
MEDICAL SUPPLIER (DME)                          ,E2374,,0,999,Years,3/1/2012,$520.78 ,          ,
MEDICAL SUPPLIER (DME)                          ,E2375,,0,999,Years,4/1/2013,$835.33 ,          ,
MEDICAL SUPPLIER (DME)                          ,E2376,,0,999,Years,3/1/2012,"$1,259.56 ",          ,
MEDICAL SUPPLIER (DME)                          ,E2377,,0,999,Years,3/1/2012,$473.66 ,          ,
MEDICAL SUPPLIER (DME)                          ,E2378,,0,999,Years,4/1/2017,$511.76 ,4/1/2017,51.18
MEDICAL SUPPLIER (DME)                          ,E2381,,0,999,Years,3/1/2012,$57.47 ,          ,
MEDICAL SUPPLIER (DME)                          ,E2382,,0,999,Years,3/1/2012,$20.26 ,          ,
MEDICAL SUPPLIER (DME)                          ,E2383,,0,999,Years,3/1/2012,$113.88 ,          ,
MEDICAL SUPPLIER (DME)                          ,E2384,,0,999,Years,3/1/2012,$60.67 ,          ,
MEDICAL SUPPLIER (DME)                          ,E2385,,0,999,Years,3/1/2012,$48.27 ,          ,
MEDICAL SUPPLIER (DME)                          ,E2386,,0,999,Years,4/1/2017,$121.69 ,          ,
MEDICAL SUPPLIER (DME)                          ,E2387,,0,999,Years,3/1/2012,$58.55 ,          ,
MEDICAL SUPPLIER (DME)                          ,E2388,,0,999,Years,3/1/2012,$49.14 ,          ,
MEDICAL SUPPLIER (DME)                          ,E2389,,0,999,Years,3/1/2012,$26.68 ,          ,
MEDICAL SUPPLIER (DME)                          ,E2390,,0,999,Years,3/1/2012,$41.73 ,          ,
MEDICAL SUPPLIER (DME)                          ,E2391,,0,999,Years,3/1/2012,$19.99 ,          ,
MEDICAL SUPPLIER (DME)                          ,E2392,,0,999,Years,3/1/2012,$52.54 ,          ,
MEDICAL SUPPLIER (DME)                          ,E2394,,0,999,Years,3/1/2012,$74.85 ,          ,
MEDICAL SUPPLIER (DME)                          ,E2395,,0,999,Years,3/1/2012,$53.20 ,          ,
MEDICAL SUPPLIER (DME)                          ,E2396,,0,999,Years,3/1/2012,$44.74 ,          ,
MEDICAL SUPPLIER (DME)                          ,E2398,,0,999,Years,1/1/2020,$74.03 ,          ,
MEDICAL SUPPLIER (DME)                          ,E2402,,0,999,Years,          ,,4/1/2017,"1,256.24"
MEDICAL SUPPLIER (DME)                          ,E2500,,0,999,Years,4/1/2013,$344.20 ,4/1/2013,34.42
MEDICAL SUPPLIER (DME)                          ,E2502,,0,999,Years,4/1/2013,"$1,155.14 ",4/1/2015,115.51
MEDICAL SUPPLIER (DME)                          ,E2504,,0,999,Years,4/1/2013,"$1,545.87 ",4/1/2015,154.59
MEDICAL SUPPLIER (DME)                          ,E2506,,0,999,Years,4/1/2013,"$2,127.92 ",4/1/2013,212.79
MEDICAL SUPPLIER (DME)                          ,E2508,,0,999,Years,4/1/2013,"$3,290.48 ",4/1/2015,329.05
MEDICAL SUPPLIER (DME)                          ,E2510,,0,999,Years,4/1/2013,"$6,226.79 ",4/1/2015,622.68
MEDICAL SUPPLIER (DME)                          ,E2511,,0,999,Years,4/1/2019,$408.29 ,          ,
MEDICAL SUPPLIER (DME)                          ,E2512,,0,999,Years,7/1/2004,$0.00 ,4/1/2017,116.28
MEDICAL SUPPLIER (DME)                          ,E2599,,0,999,Years,7/1/2004,$0.00 ,7/1/2004,0.00
MEDICAL SUPPLIER (DME)                          ,E2599,U1,0,999,Years,4/1/2019,$246.01 ,          ,
MEDICAL SUPPLIER (DME)                          ,E2601,,0,999,Years,3/1/2012,$53.98 ,          ,
MEDICAL SUPPLIER (DME)                          ,E2602,,0,999,Years,1/1/2005,$0.00 ,          ,
MEDICAL SUPPLIER (DME)                          ,E2603,,0,999,Years,1/1/2005,$0.00 ,          ,
MEDICAL SUPPLIER (DME)                          ,E2604,,0,999,Years,1/1/2005,$0.00 ,          ,
MEDICAL SUPPLIER (DME)                          ,E2605,,0,999,Years,1/1/2005,$0.00 ,          ,
MEDICAL SUPPLIER (DME)                          ,E2606,,0,999,Years,1/1/2005,$0.00 ,          ,
MEDICAL SUPPLIER (DME)                          ,E2607,,0,999,Years,1/1/2005,$0.00 ,          ,
MEDICAL SUPPLIER (DME)                          ,E2608,,0,999,Years,1/1/2005,$0.00 ,          ,
MEDICAL SUPPLIER (DME)                          ,E2609,,0,999,Years,1/1/2005,$0.00 ,          ,
MEDICAL SUPPLIER (DME)                          ,E2611,,0,999,Years,1/1/2005,$0.00 ,          ,
MEDICAL SUPPLIER (DME)                          ,E2612,,0,999,Years,1/1/2005,$0.00 ,          ,
MEDICAL SUPPLIER (DME)                          ,E2613,,0,999,Years,1/1/2005,$0.00 ,          ,
MEDICAL SUPPLIER (DME)                          ,E2614,,0,999,Years,1/1/2005,$0.00 ,          ,
MEDICAL SUPPLIER (DME)                          ,E2615,,0,999,Years,1/1/2005,$0.00 ,          ,
MEDICAL SUPPLIER (DME)                          ,E2616,,0,999,Years,1/1/2005,$0.00 ,          ,
MEDICAL SUPPLIER (DME)                          ,E2617,,0,999,Years,1/1/2005,$0.00 ,          ,
MEDICAL SUPPLIER (DME)                          ,E2619,,0,999,Years,1/1/2005,$0.00 ,          ,
MEDICAL SUPPLIER (DME)                          ,E2620,,0,999,Years,1/1/2005,$0.00 ,          ,
MEDICAL SUPPLIER (DME)                          ,E2621,,0,999,Years,3/1/2012,$507.26 ,          ,
MEDICAL SUPPLIER (DME)                          ,E2622,,0,999,Years,3/1/2012,$323.25 ,          ,
MEDICAL SUPPLIER (DME)                          ,E2623,,0,999,Years,3/1/2012,$411.32 ,          ,
MEDICAL SUPPLIER (DME)                          ,E2624,,0,999,Years,4/1/2013,$325.89 ,          ,
MEDICAL SUPPLIER (DME)                          ,E2625,,0,999,Years,4/1/2017,$374.84 ,          ,
MEDICAL SUPPLIER (DME)                          ,E2626,,0,20,Years,4/1/2017,$567.09 ,          ,
MEDICAL SUPPLIER (DME)                          ,E2627,,0,20,Years,4/1/2017,$839.65 ,          ,
MEDICAL SUPPLIER (DME)                          ,E2628,,0,20,Years,4/1/2017,$714.04 ,          ,
MEDICAL SUPPLIER (DME)                          ,E2629,,0,20,Years,4/1/2017,$945.56 ,          ,
MEDICAL SUPPLIER (DME)                          ,E2630,,0,20,Years,4/1/2017,$572.95 ,          ,
MEDICAL SUPPLIER (DME)                          ,E2631,,0,20,Years,4/1/2017,$245.90 ,          ,
MEDICAL SUPPLIER (DME)                          ,E2632,,0,20,Years,4/1/2017,$155.69 ,          ,
MEDICAL SUPPLIER (DME)                          ,E2633,,0,20,Years,4/1/2017,$129.10 ,          ,
MEDICAL SUPPLIER (DME)                          ,E8001,,0,999,Years,1/1/2005,$0.00 ,1/1/2005,0.00
MEDICAL SUPPLIER (DME)                          ,K0001,,0,999,Years,7/1/2013,$432.52 ,7/1/2013,43.25
MEDICAL SUPPLIER (DME)                          ,K0002,,0,999,Years,7/1/2013,$664.42 ,7/1/2013,66.44
MEDICAL SUPPLIER (DME)                          ,K0003,,0,999,Years,7/1/2013,$727.58 ,1/1/2020,69.95
MEDICAL SUPPLIER (DME)                          ,K0004,,0,999,Years,7/1/2013,"$1,085.18 ",7/1/2013,108.52
MEDICAL SUPPLIER (DME)                          ,K0005,,0,999,Years,7/1/2013,"$2,001.69 ",7/1/2013,200.15
MEDICAL SUPPLIER (DME)                          ,K0006,,0,999,Years,7/1/2013,"$1,018.42 ",7/1/2013,101.84
MEDICAL SUPPLIER (DME)                          ,K0007,,0,999,Years,7/1/2013,"$1,449.45 ",7/1/2013,144.94
MEDICAL SUPPLIER (DME)                          ,K0008,,0,999,Years,6/1/2022,$0.00 ,6/1/2022,0.00
MEDICAL SUPPLIER (DME)                          ,K0009,,0,999,Years,6/1/2022,$0.00 ,6/1/2022,0.00
MEDICAL SUPPLIER (DME)                          ,K0010,,0,999,Years,1/1/2020,"$3,331.23 ",1/1/2020,333.12
MEDICAL SUPPLIER (DME)                          ,K0011,,0,999,Years,1/1/2020,"$4,712.98 ",1/1/2020,471.30
MEDICAL SUPPLIER (DME)                          ,K0012,,0,999,Years,1/1/2020,"$3,076.01 ",1/1/2020,307.60
MEDICAL SUPPLIER (DME)                          ,K0013,,0,20,Years,4/1/2014,$0.00 ,4/1/2014,0.00
MEDICAL SUPPLIER (DME)                          ,K0015,,0,999,Years,7/1/2013,$196.73 ,          ,
MEDICAL SUPPLIER (DME)                          ,K0017,,0,999,Years,1/1/2020,$48.39 ,          ,
MEDICAL SUPPLIER (DME)                          ,K0018,,0,999,Years,1/1/2020,$27.19 ,          ,
MEDICAL SUPPLIER (DME)                          ,K0019,,0,999,Years,1/1/2020,$15.08 ,          ,
MEDICAL SUPPLIER (DME)                          ,K0020,,0,999,Years,1/1/2020,$45.62 ,          ,
MEDICAL SUPPLIER (DME)                          ,K0037,,0,999,Years,1/1/2020,$45.57 ,          ,
MEDICAL SUPPLIER (DME)                          ,K0038,,0,999,Years,1/1/2020,$23.56 ,          ,
MEDICAL SUPPLIER (DME)                          ,K0039,,0,999,Years,1/1/2020,$51.45 ,          ,
MEDICAL SUPPLIER (DME)                          ,K0040,,0,999,Years,1/1/2020,$64.51 ,          ,
MEDICAL SUPPLIER (DME)                          ,K0041,,0,999,Years,1/1/2020,$49.88 ,          ,
MEDICAL SUPPLIER (DME)                          ,K0042,,0,999,Years,1/1/2020,$33.25 ,          ,
MEDICAL SUPPLIER (DME)                          ,K0043,,0,999,Years,1/1/2020,$19.05 ,          ,
MEDICAL SUPPLIER (DME)                          ,K0044,,0,999,Years,1/1/2020,$16.41 ,          ,
MEDICAL SUPPLIER (DME)                          ,K0045,,0,999,Years,1/1/2020,$54.90 ,          ,
MEDICAL SUPPLIER (DME)                          ,K0046,,0,999,Years,1/1/2020,$19.11 ,1/1/2020,1.91
MEDICAL SUPPLIER (DME)                          ,K0047,,0,999,Years,1/1/2020,$71.26 ,1/1/2020,7.13
MEDICAL SUPPLIER (DME)                          ,K0050,,0,999,Years,1/1/2020,$31.58 ,          ,
MEDICAL SUPPLIER (DME)                          ,K0051,,0,999,Years,1/1/2020,$50.55 ,          ,
MEDICAL SUPPLIER (DME)                          ,K0052,,0,999,Years,1/1/2020,$83.04 ,          ,
MEDICAL SUPPLIER (DME)                          ,K0053,,0,999,Years,1/1/2020,$94.86 ,1/1/2020,9.48
MEDICAL SUPPLIER (DME)                          ,K0056,,0,999,Years,7/1/2013,$77.23 ,          ,
MEDICAL SUPPLIER (DME)                          ,K0065,,0,999,Years,7/1/2013,$36.10 ,4/1/2014,3.61
MEDICAL SUPPLIER (DME)                          ,K0069,,0,999,Years,7/1/2013,$81.15 ,          ,
MEDICAL SUPPLIER (DME)                          ,K0070,,0,999,Years,7/1/2013,$148.73 ,          ,
MEDICAL SUPPLIER (DME)                          ,K0071,,0,999,Years,7/1/2013,$88.72 ,          ,
MEDICAL SUPPLIER (DME)                          ,K0072,,0,999,Years,7/1/2013,$53.41 ,          ,
MEDICAL SUPPLIER (DME)                          ,K0073,,0,999,Years,7/1/2013,$27.17 ,          ,
MEDICAL SUPPLIER (DME)                          ,K0077,,0,999,Years,7/1/2013,$47.79 ,          ,
MEDICAL SUPPLIER (DME)                          ,K0098,,0,999,Years,1/1/2020,$25.70 ,          ,
MEDICAL SUPPLIER (DME)                          ,K0105,,0,999,Years,7/1/2013,$80.74 ,4/1/2014,8.07
MEDICAL SUPPLIER (DME)                          ,K0108,,0,999,Years,5/1/2003,$0.00 ,          ,
MEDICAL SUPPLIER (DME)                          ,K0195,,0,999,Years,7/1/2013,$147.53 ,4/1/2014,14.75
MEDICAL SUPPLIER (DME)                          ,K0455,,0,999,Years,          ,,1/1/2020,255.60
MEDICAL SUPPLIER (DME)                          ,K0462,,0,999,Years,          ,,3/1/2012,48.76
MEDICAL SUPPLIER (DME)                          ,K0606,,0,999,Years,          ,,1/1/2020,"2,316.81"
MEDICAL SUPPLIER (DME)                          ,K0669,,0,999,Years,7/1/2013,$73.55 ,          ,
MEDICAL SUPPLIER (DME)                          ,K0730,,0,999,Years,1/1/2020,"$1,586.10 ",          ,
MEDICAL SUPPLIER (DME)                          ,K0733,,0,999,Years,3/1/2012,$29.46 ,          ,
MEDICAL SUPPLIER (DME)                          ,K0738,,0,999,Years,          ,,3/1/2012,0.00
MEDICAL SUPPLIER (DME)                          ,K0800,,0,999,Years,1/1/2020,"$1,082.89 ",1/1/2020,108.30
MEDICAL SUPPLIER (DME)                          ,K0801,,0,999,Years,1/1/2020,"$1,841.43 ",1/1/2020,184.14
MEDICAL SUPPLIER (DME)                          ,K0802,,0,999,Years,1/1/2020,"$2,246.11 ",1/1/2020,224.61
MEDICAL SUPPLIER (DME)                          ,K0813,,0,999,Years,3/1/2012,"$2,352.57 ",3/1/2012,235.26
MEDICAL SUPPLIER (DME)                          ,K0814,,0,999,Years,3/1/2012,"$3,011.23 ",3/1/2012,301.12
MEDICAL SUPPLIER (DME)                          ,K0815,,0,999,Years,3/1/2012,"$3,429.01 ",3/1/2012,342.91
MEDICAL SUPPLIER (DME)                          ,K0816,,0,999,Years,3/1/2012,"$3,283.99 ",3/1/2012,328.39
MEDICAL SUPPLIER (DME)                          ,K0820,,0,999,Years,3/1/2012,"$2,512.88 ",3/1/2012,251.27
MEDICAL SUPPLIER (DME)                          ,K0821,,0,999,Years,3/1/2012,"$3,157.20 ",3/1/2012,315.72
MEDICAL SUPPLIER (DME)                          ,K0822,,0,999,Years,1/1/2020,"$2,963.22 ",1/1/2020,296.32
MEDICAL SUPPLIER (DME)                          ,K0823,,0,999,Years,1/1/2020,"$2,904.46 ",1/1/2020,290.45
MEDICAL SUPPLIER (DME)                          ,K0824,,0,999,Years,3/1/2012,"$4,009.76 ",1/1/2020,400.98
MEDICAL SUPPLIER (DME)                          ,K0825,,0,999,Years,1/1/2020,"$3,512.60 ",1/1/2020,351.26
MEDICAL SUPPLIER (DME)                          ,K0826,,0,999,Years,3/1/2012,"$6,143.91 ",1/1/2020,614.39
MEDICAL SUPPLIER (DME)                          ,K0827,,0,999,Years,3/1/2012,"$5,198.70 ",3/1/2012,519.87
MEDICAL SUPPLIER (DME)                          ,K0828,,0,999,Years,3/1/2012,"$6,736.87 ",3/1/2012,673.68
MEDICAL SUPPLIER (DME)                          ,K0829,,0,999,Years,3/1/2012,"$6,186.37 ",3/1/2012,618.64
MEDICAL SUPPLIER (DME)                          ,K0835,,0,999,Years,3/1/2012,"$4,029.82 ",3/1/2012,402.98
MEDICAL SUPPLIER (DME)                          ,K0836,,0,999,Years,3/1/2012,"$4,103.15 ",3/1/2012,410.32
MEDICAL SUPPLIER (DME)                          ,K0837,,0,999,Years,3/1/2012,"$4,722.60 ",3/1/2012,472.26
MEDICAL SUPPLIER (DME)                          ,K0838,,0,999,Years,3/1/2012,"$4,263.77 ",3/1/2012,426.37
MEDICAL SUPPLIER (DME)                          ,K0839,,0,999,Years,3/1/2012,"$6,113.83 ",3/1/2012,611.39
MEDICAL SUPPLIER (DME)                          ,K0840,,0,999,Years,3/1/2012,"$9,262.75 ",3/1/2012,926.27
MEDICAL SUPPLIER (DME)                          ,K0841,,0,999,Years,3/1/2012,"$4,211.50 ",3/1/2012,421.15
MEDICAL SUPPLIER (DME)                          ,K0842,,0,999,Years,3/1/2012,"$4,211.50 ",3/1/2012,421.15
MEDICAL SUPPLIER (DME)                          ,K0843,,0,999,Years,3/1/2012,"$5,070.65 ",3/1/2012,507.06
MEDICAL SUPPLIER (DME)                          ,K0848,,0,999,Years,1/1/2020,"$5,113.10 ",1/1/2020,511.31
MEDICAL SUPPLIER (DME)                          ,K0849,,0,999,Years,3/1/2012,"$4,954.69 ",3/1/2012,495.47
MEDICAL SUPPLIER (DME)                          ,K0850,,0,999,Years,3/1/2012,"$5,987.63 ",3/1/2012,598.76
MEDICAL SUPPLIER (DME)                          ,K0851,,0,999,Years,1/1/2020,"$5,702.58 ",1/1/2020,570.26
MEDICAL SUPPLIER (DME)                          ,K0852,,0,999,Years,3/1/2012,"$6,906.95 ",3/1/2012,690.70
MEDICAL SUPPLIER (DME)                          ,K0853,,0,999,Years,3/1/2012,"$7,095.16 ",3/1/2012,709.52
MEDICAL SUPPLIER (DME)                          ,K0854,,0,999,Years,3/1/2012,"$9,399.56 ",3/1/2012,939.96
MEDICAL SUPPLIER (DME)                          ,K0855,,0,999,Years,3/1/2012,"$8,879.29 ",3/1/2012,887.93
MEDICAL SUPPLIER (DME)                          ,K0856,,0,999,Years,3/1/2012,"$5,558.85 ",1/1/2020,555.89
MEDICAL SUPPLIER (DME)                          ,K0857,,0,999,Years,3/1/2012,"$5,642.51 ",3/1/2012,564.25
MEDICAL SUPPLIER (DME)                          ,K0858,,0,999,Years,3/1/2012,"$6,863.07 ",3/1/2012,686.31
MEDICAL SUPPLIER (DME)                          ,K0859,,0,999,Years,1/1/2020,"$6,494.02 ",1/1/2020,649.40
MEDICAL SUPPLIER (DME)                          ,K0860,,0,999,Years,3/1/2012,"$9,804.76 ",3/1/2012,980.48
MEDICAL SUPPLIER (DME)                          ,K0861,,0,999,Years,1/1/2020,"$5,496.99 ",1/1/2020,549.70
MEDICAL SUPPLIER (DME)                          ,K0862,,0,999,Years,3/1/2012,"$6,863.07 ",3/1/2012,686.31
MEDICAL SUPPLIER (DME)                          ,K0863,,0,999,Years,3/1/2012,"$9,804.76 ",3/1/2012,980.48
MEDICAL SUPPLIER (DME)                          ,K0864,,0,999,Years,3/1/2012,"$11,667.78 ",3/1/2012,"1,166.77"
MEDICAL SUPPLIER (DME)                          ,K0868,,0,999,Years,12/1/2006,$0.00 ,3/1/2012,0.00
MEDICAL SUPPLIER (DME)                          ,K0869,,0,999,Years,10/1/2009,$0.00 ,9/1/2022,325.88
MEDICAL SUPPLIER (DME)                          ,K0870,,0,999,Years,10/1/2009,$0.00 ,10/1/2009,0.00
MEDICAL SUPPLIER (DME)                          ,K0871,,0,999,Years,10/1/2009,$0.00 ,10/1/2009,0.00
MEDICAL SUPPLIER (DME)                          ,K0877,,0,999,Years,3/1/2012,$0.00 ,9/1/2022,325.88
MEDICAL SUPPLIER (DME)                          ,K0878,,0,999,Years,10/1/2009,$0.00 ,10/1/2009,0.00
MEDICAL SUPPLIER (DME)                          ,K0879,,0,999,Years,3/1/2012,$0.00 ,3/1/2012,529.74
MEDICAL SUPPLIER (DME)                          ,K0880,,0,999,Years,10/1/2009,$0.00 ,3/1/2012,824.92
MEDICAL SUPPLIER (DME)                          ,K0884,,0,999,Years,3/1/2012,$0.00 ,3/1/2012,0.00
MEDICAL SUPPLIER (DME)                          ,K0885,,0,999,Years,3/1/2012,"$5,889.23 ",3/1/2012,588.93
MEDICAL SUPPLIER (DME)                          ,K0886,,0,999,Years,10/1/2009,$0.00 ,3/1/2012,543.92
MEDICAL SUPPLIER (DME)                          ,K0890,,0,999,Years,1/1/2020,"$8,461.70 ",1/1/2020,846.17
MEDICAL SUPPLIER (DME)                          ,K0891,,0,999,Years,3/1/2012,"$10,981.85 ",1/1/2020,"1,098.19"
MEDICAL SUPPLIER (DME)                          ,K0898,,0,999,Years,10/1/2009,$0.00 ,10/1/2009,0.00
MEDICAL SUPPLIER (DME)                          ,K0899,,0,999,Years,10/1/2009,$0.00 ,10/1/2009,0.00
MEDICAL SUPPLIER (DME)                          ,K0900,,0,999,Years,4/1/2014,$0.00 ,4/1/2014,0.00
MEDICAL SUPPLIER (DME)                          ,K1030,,1,999,Years,9/1/2022,"$1,374.86 ",          ,
MEDICAL SUPPLIER (DME)                          ,L1320,,0,20,Years,3/1/2025,"$3,785.98 ",          ,
MEDICAL SUPPLIER (DME)                          ,L3161,,0,20,Years,1/1/2024,$76.91 ,          ,
MEDICAL SUPPLIER (DME)                          ,L8614,,1,999,Years,3/1/2021,"$19,316.01 ",          ,
MEDICAL SUPPLIER (DME)                          ,L8625,,0,999,Years,4/1/2019,$184.65 ,          ,
MEDICAL SUPPLIER (DME)                          ,L8681,,0,999,Years,1/1/2008,$926.72 ,          ,
MEDICAL SUPPLIER (DME)                          ,L8682,,0,999,Years,1/1/2008,"$5,178.47 ",          ,
MEDICAL SUPPLIER (DME)                          ,L8683,,0,999,Years,1/1/2008,"$4,558.23 ",          ,
MEDICAL SUPPLIER (DME)                          ,L8684,,0,999,Years,1/1/2008,$670.64 ,          ,
MEDICAL SUPPLIER (DME)                          ,L8685,,0,999,Years,3/1/2021,"$11,894.56 ",          ,
MEDICAL SUPPLIER (DME)                          ,L8686,,0,999,Years,10/1/2016,"$6,885.47 ",          ,
MEDICAL SUPPLIER (DME)                          ,L8686,TG,0,999,Years,3/1/2023,"$16,249.63 ",          ,
MEDICAL SUPPLIER (DME)                          ,L8687,,0,999,Years,3/1/2021,"$14,096.73 ",          ,
MEDICAL SUPPLIER (DME)                          ,L8688,,0,999,Years,3/1/2021,"$9,831.68 ",          ,
MEDICAL SUPPLIER (DME)                          ,L8689,,0,999,Years,1/1/2008,"$1,498.34 ",          ,
MEDICAL SUPPLIER (DME)                          ,L8690,,5,999,Years,7/1/2010,"$4,338.80 ",          ,
MEDICAL SUPPLIER (DME)                          ,L8691,,5,999,Years,10/1/2018,"$1,683.65 ",          ,
MEDICAL SUPPLIER (DME)                          ,L8692,,0,999,Years,3/1/2021,"$3,080.41 ",          ,
MEDICAL SUPPLIER (DME)                          ,L8693,,5,999,Years,10/1/2012,"$1,414.77 ",          ,
MEDICAL SUPPLIER (DME)                          ,L8694,,5,999,Years,4/1/2019,$923.29 ,          ,
MEDICAL SUPPLIER (DME)                          ,L8695,,0,999,Years,10/1/2014,$11.86 ,          ,
MEDICAL SUPPLIER (DME)                          ,Q0477,,0,20,Years,4/1/2019,$379.25 ,          ,
MEDICAL SUPPLIER (DME)                          ,Q0480,,0,20,Years,1/1/2016,"$77,927.47 ",          ,
MEDICAL SUPPLIER (DME)                          ,Q0481,,0,20,Years,1/1/2016,"$12,572.70 ",          ,
MEDICAL SUPPLIER (DME)                          ,Q0482,,0,20,Years,1/1/2016,"$3,938.00 ",          ,
MEDICAL SUPPLIER (DME)                          ,Q0483,,0,20,Years,1/1/2016,"$17,280.81 ",          ,
MEDICAL SUPPLIER (DME)                          ,Q0484,,0,20,Years,1/1/2016,"$3,355.87 ",          ,
MEDICAL SUPPLIER (DME)                          ,Q0485,,0,20,Years,1/1/2016,$324.02 ,          ,
MEDICAL SUPPLIER (DME)                          ,Q0486,,0,20,Years,1/1/2016,$269.66 ,          ,
MEDICAL SUPPLIER (DME)                          ,Q0487,,0,20,Years,1/1/2016,$314.62 ,          ,
MEDICAL SUPPLIER (DME)                          ,Q0488,,0,20,Years,1/1/2016,"$12,054.00 ",          ,
MEDICAL SUPPLIER (DME)                          ,Q0489,,0,20,Years,1/1/2016,"$14,064.31 ",          ,
MEDICAL SUPPLIER (DME)                          ,Q0490,,0,20,Years,1/1/2016,$648.04 ,          ,
MEDICAL SUPPLIER (DME)                          ,Q0491,,0,20,Years,1/1/2016,"$1,018.76 ",          ,
MEDICAL SUPPLIER (DME)                          ,Q0492,,0,20,Years,1/1/2016,$82.09 ,          ,
MEDICAL SUPPLIER (DME)                          ,Q0493,,0,20,Years,1/1/2016,$233.68 ,          ,
MEDICAL SUPPLIER (DME)                          ,Q0494,,0,20,Years,1/1/2016,$197.73 ,          ,
MEDICAL SUPPLIER (DME)                          ,Q0495,,0,20,Years,1/1/2016,"$3,614.17 ",          ,
MEDICAL SUPPLIER (DME)                          ,Q0496,,0,20,Years,1/1/2016,"$1,297.16 ",          ,
MEDICAL SUPPLIER (DME)                          ,Q0497,,0,20,Years,1/1/2016,$405.04 ,          ,
MEDICAL SUPPLIER (DME)                          ,Q0498,,0,20,Years,1/1/2016,$473.40 ,          ,
MEDICAL SUPPLIER (DME)                          ,Q0499,,0,20,Years,1/1/2016,$153.82 ,          ,
MEDICAL SUPPLIER (DME)                          ,Q0500,,0,20,Years,1/1/2016,$26.42 ,          ,
MEDICAL SUPPLIER (DME)                          ,Q0501,,0,20,Years,1/1/2016,$441.89 ,          ,
MEDICAL SUPPLIER (DME)                          ,Q0502,,0,20,Years,1/1/2016,$599.24 ,          ,
MEDICAL SUPPLIER (DME)                          ,Q0503,,0,20,Years,1/1/2016,"$1,198.54 ",          ,
MEDICAL SUPPLIER (DME)                          ,Q0504,,0,20,Years,1/1/2016,$632.41 ,          ,
MEDICAL SUPPLIER (DME)                          ,Q0507,,0,999,Years,7/1/2013,$0.00 ,          ,
MEDICAL SUPPLIER (DME)                          ,Q0508,,0,999,Years,7/1/2013,$0.00 ,          ,
MEDICAL SUPPLIER (DME)                          ,S8185,,0,999,Years,9/1/2021,$44.69 ,          ,
MEDICAL SUPPLIER (DME)                          ,S8189,,0,999,Years,5/1/2003,$0.00 ,          ,
MEDICAL SUPPLIER (DME)                          ,S8270,,5,20,Years,9/1/2023,$52.95 ,          ,
MEDICAL SUPPLIER (DME)                          ,S8999,,0,999,Years,4/1/2019,$152.15 ,          ,
MEDICAL SUPPLY COMPANY                          ,B9004,,0,999,Years,1/1/2014,"$2,836.83 ",1/1/2018,283.68
MEDICAL SUPPLY COMPANY                          ,B9006,,0,999,Years,1/1/2014,"$2,836.83 ",1/1/2018,283.68
MEDICAL SUPPLY COMPANY                          ,E0162,,0,999,Years,4/1/2013,$119.64 ,4/1/2015,11.96
MEDICAL SUPPLY COMPANY                          ,E0181,,0,999,Years,4/1/2017,$206.40 ,4/1/2017,20.64
MEDICAL SUPPLY COMPANY                          ,E0182,,0,999,Years,          ,,4/1/2019,20.64
MEDICAL SUPPLY COMPANY                          ,E0210,,0,999,Years,4/1/2013,$24.09 ,          ,
MEDICAL SUPPLY COMPANY                          ,E0225,,0,999,Years,          ,,4/1/2013,37.01
MEDICAL SUPPLY COMPANY                          ,E0235,,0,999,Years,4/1/2013,$166.70 ,4/1/2013,16.67
MEDICAL SUPPLY COMPANY                          ,E0236,,0,999,Years,4/1/2013,$427.43 ,          ,
MEDICAL SUPPLY COMPANY                          ,E0250,,0,999,Years,4/1/2017,$883.21 ,          ,
MEDICAL SUPPLY COMPANY                          ,E0325,,0,999,Years,          ,,4/1/2017,0.76
MEDICAL SUPPLY COMPANY                          ,E0550,,0,999,Years,4/1/2013,$427.43 ,4/1/2013,42.74
MEDICAL SUPPLY COMPANY                          ,E0710,,0,999,Years,4/1/2013,$31.80 ,4/1/2013,3.18
MEDICAL SUPPLY COMPANY                          ,E0776,,0,999,Years,4/1/2017,$96.85 ,4/1/2017,9.69
MEDICAL SUPPLY COMPANY                          ,E0781,,0,999,Years,4/1/2013,"$2,106.90 ",4/1/2013,210.69
MEDICAL SUPPLY COMPANY                          ,E0791,,0,999,Years,4/1/2017,"$2,284.76 ",4/1/2017,228.48
MEDICAL SUPPLY COMPANY                          ,E0840,,0,999,Years,4/1/2013,$53.11 ,4/1/2015,5.31
MEDICAL SUPPLY COMPANY                          ,E0850,,0,999,Years,4/1/2013,$82.50 ,4/1/2015,8.25
MEDICAL SUPPLY COMPANY                          ,E0855,,0,999,Years,4/1/2013,$461.97 ,4/1/2015,46.20
MEDICAL SUPPLY COMPANY                          ,E0860,,0,999,Years,4/1/2013,$24.82 ,4/1/2015,2.48
MEDICAL SUPPLY COMPANY                          ,E0880,,0,999,Years,4/1/2013,$89.85 ,4/1/2015,8.99
MEDICAL SUPPLY COMPANY                          ,E0900,,0,999,Years,4/1/2013,$90.45 ,4/1/2015,9.05
MEDICAL SUPPLY COMPANY                          ,E0930,,0,999,Years,4/1/2013,$441.32 ,4/1/2013,44.13
MEDICAL SUPPLY COMPANY                          ,E0935,,0,999,Years,          ,,4/1/2013,19.81
MEDICAL SUPPLY COMPANY                          ,E0941,,0,999,Years,4/1/2013,$419.34 ,4/1/2013,41.93
MEDICAL SUPPLY COMPANY                          ,E1031,,0,999,Years,          ,,4/1/2017,34.67
MEDICAL SUPPLY COMPANY                          ,E1300,,0,20,Years,4/1/2017,$170.00 ,4/1/2017,17.00
MEDICAL SUPPLY COMPANY                          ,E1310,,0,20,Years,4/1/2013,"$2,074.39 ",          ,
MEDICAL SUPPLY COMPANY                          ,E1635,,0,20,Years,          ,,4/1/2013,616.30
MEDICAL SUPPLIER (DME)                          ,T1999,,0,999,Years,5/1/2003,$0.00 ,,
MEDICAL SUPPLIER (DME)                          ,T4521,,0,999,Years,4/1/2019,$0.53 ,,
MEDICAL SUPPLIER (DME)                          ,T4522,,0,999,Years,4/1/2019,$0.56 ,,
MEDICAL SUPPLIER (DME)                          ,T4523,,0,999,Years,1/1/2005,$0.60 ,,
MEDICAL SUPPLIER (DME)                          ,T4524,,0,999,Years,3/1/2012,$0.75 ,,
MEDICAL SUPPLIER (DME)                          ,T4525,,0,999,Years,1/1/2005,$0.53 ,,
MEDICAL SUPPLIER (DME)                          ,T4526,,0,999,Years,1/1/2005,$0.63 ,,
MEDICAL SUPPLIER (DME)                          ,T4527,,0,999,Years,1/1/2005,$0.76 ,,
MEDICAL SUPPLIER (DME)                          ,T4528,,0,999,Years,3/1/2012,$0.92 ,,
MEDICAL SUPPLIER (DME)                          ,T4529,,0,999,Years,1/1/2005,$0.30 ,,
MEDICAL SUPPLIER (DME)                          ,T4530,,0,999,Years,4/1/2019,$0.50 ,,
MEDICAL SUPPLIER (DME)                          ,T4531,,0,999,Years,4/1/2019,$0.64 ,,
MEDICAL SUPPLIER (DME)                          ,T4532,,0,999,Years,4/1/2019,$0.80 ,,
MEDICAL SUPPLIER (DME)                          ,T4533,,0,999,Years,1/1/2005,$0.53 ,,
MEDICAL SUPPLIER (DME)                          ,T4534,,0,999,Years,3/1/2012,$0.62 ,,
MEDICAL SUPPLIER (DME)                          ,T4535,,0,999,Years,1/1/2005,$0.27 ,,
MEDICAL SUPPLIER (DME)                          ,T4543,,0,999,Years,3/1/2012,$0.94 ,,
MEDICAL SUPPLIER (DME)                          ,T4544,,0,999,Years,4/1/2019,$1.29 ,,
HOME HEALTH DME                                 ,A4335,U9,0,999,Years,7/1/2011,$2.84 ,,
HOME HEALTH DME                                 ,A4554,,0,999,Years,4/1/2019,$0.31 ,,
